brand,source,items
Acuvue,app_review,119
Acuvue,facebook_comment,1
Acuvue,instagram_comment,20
Acuvue,kiasuparents_forum,17
Acuvue,reddit_comment,19
Acuvue,review,24
Acuvue,xhs_post,10
Acuvue,youtube_comment,65
Alcon,instagram_comment,7
Alcon,kiasuparents_forum,9
Alcon,reddit_comment,16
Alcon,review,38
Alcon,xhs_post,9
Alcon,youtube_comment,3
Bausch & Lomb,facebook_comment,6
Bausch & Lomb,kiasuparents_forum,7
Bausch & Lomb,reddit_comment,18
Bausch & Lomb,review,30
Bausch & Lomb,xhs_post,9
Bausch & Lomb,youtube_comment,3
CooperVision,facebook_comment,1
CooperVision,instagram_comment,22
CooperVision,kiasuparents_forum,5
CooperVision,reddit_comment,15
CooperVision,xhs_post,1
Olens,kiasuparents_forum,3
Olens,reddit_comment,12
Olens,xhs_post,19
Olens,youtube_comment,206
other,gmaps_review,1369
other,xhs_post,24
